"","x"
"1","banners-square/aop_sq.jpg"
"2","banners-square/coded Field Journal_sq.jpg"
"3","banners-square/coding_R_sq.jpg"
"4","banners-square/eddy-cov-sq.jpg"
"5","banners-square/hierarchy_folder_blue_sq.jpg"
"6","banners-square/hierarchy_folder_GRN_sq.jpg"
"7","banners-square/hierarchy_folder_GRY_sq.jpg"
"8","banners-square/hierarchy_folder_lt-blue_sq.jpg"
"9","banners-square/hierarchy_folder_yellow_sq.jpg"
"10","banners-square/laptopCode.jpg"
"11","banners-square/NEONCarpentry_sq.jpg"
"12","banners-square/teachingModule_sq.jpg"
"13","banners-square/workshop_sq.jpg"
"14","banners/aboutBanner.png"
"15","banners/activitiesBanner.png"
"16","banners/activitiesXtag.png"
"17","banners/aop_0.jpg"
"18","banners/chalkboard.png"
"19","banners/codedFieldJournal.png"
"20","banners/codedFieldwork.png"
"21","banners/codedpoints2.png"
"22","banners/coding_R.jpg"
"23","banners/codingInformatics.png"
"24","banners/data-institute-2016.png"
"25","banners/data-institute-rs.png"
"26","banners/data-institutes.jpg"
"27","banners/header_whole_Larger.png"
"28","banners/header_whole.png"
"29","banners/hierarchy_folder_blue.png"
"30","banners/hierarchy_folder_green.png"
"31","banners/hierarchy_folder_purple.png"
"32","banners/hierarchy_folder.png"
"33","banners/hierarchy_folder1.png"
"34","banners/laptopCode.png"
"35","banners/lidar_GrandMesa.png"
"36","banners/lidarBanner.png"
"37","banners/NEONCarpentryHeader_2.png"
"38","banners/planeBanner.png"
"39","banners/RBanner.png"
"40","banners/readme.txt"
"41","banners/remoteSensingBanner.png"
"42","banners/teachingModule.jpg"
"43","banners/textur2_FieldWork.png"
"44","banners/textur2_pointsProfile.png"
"45","banners/texture-feature_Template.pdf"
"46","banners/texture-feature_Template.psd"
"47","banners/texture-feature-01.jpg"
"48","banners/texture-feature-02.jpg"
"49","banners/texture-feature-03.jpg"
"50","banners/texture-feature-04.jpg"
"51","banners/texture-feature-05.jpg"
"52","banners/texture-feature-07.png"
"53","banners/topBar_tree.png"
"54","banners/videoBanner_1150x288.jpg"
"55","banners/workshop.png"
"56","dc-spatial-raster/GreennessOverTime.jpg"
"57","dc-spatial-raster/imageStretch_dark.jpg"
"58","dc-spatial-raster/imageStretch_light.jpg"
"59","dc-spatial-raster/lidarTree-height.png"
"60","dc-spatial-raster/raster_concept.png"
"61","dc-spatial-raster/raster_resolution.png"
"62","dc-spatial-raster/RGBSTack_1.jpg"
"63","dc-spatial-raster/single_multi_raster.png"
"64","dc-spatial-raster/spatial_extent.png"
"65","dc-spatial-raster/UTM_zones_18-19.jpg"
"66","dc-spatial-vector/Attribute_Table.png"
"67","dc-spatial-vector/pnt_line_poly.png"
"68","dc-spatial-vector/spatial_extent.png"
"69","dc-spatial-vector/USMapDifferentProjections_MCorey_Opennews-org.jpg"
"70","dc-spatio-temporal-intro/LatLongfromGlobeCenter-ESRI.gif"
"71","dc-spatio-temporal-intro/NDVI_Plot.png"
"72","dc-spatio-temporal-intro/NDVI-Landsat-RS.png"
"73","dc-spatio-temporal-intro/plot-color.png"
"74","dc-spatio-temporal-intro/vector-data-map.png"
"75","dc-tabular-time-series/TS01_MetaDataScreenShot.png"
"76","DI-remote-sensing-Python/classify_raster_with_threshold_notebook/output_12_0.png"
"77","DI-remote-sensing-Python/classify_raster_with_threshold_notebook/output_13_1.png"
"78","DI-remote-sensing-Python/classify_raster_with_threshold_notebook/output_14_0.png"
"79","DI-remote-sensing-Python/classify_raster_with_threshold_notebook/output_20_0.png"
"80","DI-remote-sensing-Python/classify_raster_with_threshold_notebook/output_23_1.png"
"81","DI-remote-sensing-Python/classify_raster_with_threshold_notebook/output_26_2.png"
"82","DI-remote-sensing-Python/classify_raster_with_threshold_notebook/output_26_3.png"
"83","DI-remote-sensing-Python/classify_raster_with_threshold_notebook/output_31_2.png"
"84","disturb-events-co13/2013-Boulder-flood-data.gif"
"85","disturb-events-co13/500-yr-flood_cropped.jpg"
"86","disturb-events-co13/500-yr-flood.jpg"
"87","disturb-events-co13/Anthro-disturbance.png"
"88","disturb-events-co13/bigBoulderCreeks760_floodsafety-com.jpg"
"89","disturb-events-co13/COOP_SampleDataSheet.png"
"90","disturb-events-co13/DailyCamera_100-yearFlood_cropped.jpg"
"91","disturb-events-co13/DailyCamera_100-yearFlood.jpg"
"92","disturb-events-co13/DoD_DTM.png"
"93","disturb-events-co13/drawExtent.png"
"94","disturb-events-co13/DSM-DTM.png"
"95","disturb-events-co13/lidar_DoDchange.png"
"96","disturb-events-co13/lidar_DTMpost.png"
"97","disturb-events-co13/lidar_DTMpre.png"
"98","disturb-events-co13/LocationOfPrecipStation.png"
"99","disturb-events-co13/Lodgepole_pine_Yellowstone_1998_near_firehole.jpg"
"100","disturb-events-co13/map_boulder_floodplains-1-201304171217.pdf"
"101","disturb-events-co13/N_St_Vrain_before_and_after_CreditBoulderCo.jpg"
"102","disturb-events-co13/Natural-disturbance.png"
"103","disturb-events-co13/NCEI_DownloadData_ScreenShot.png"
"104","disturb-events-co13/TotalStation_CreditHarriBlomberg.jpg"
"105","disturb-events-co13/TotalStation_NEONTechJGallowayD08_PhotoByMichaelPatterson.jpg"
"106","disturb-events-co13/USGS-Peak-discharge.gif"
"107","eddy_intro_files/eddy_intro_20_0.png"
"108","eddy_intro_files/eddy_intro_22_0.png"
"109","eddy_intro_files/eddy_intro_33_0.png"
"110","eddy_intro_files/eddy_intro_50_1.png"
"111","eddy_intro_files/eddy_intro_51_1.png"
"112","HDF5/hdf5_structure2.jpg"
"113","HDF5/hdf5_structure3.jpg"
"114","HDF5/hdf5_structure4.jpg"
"115","HDF5/HDF5View_Install.png"
"116","HDF5/hdfViewerDL.jpg"
"117","HDF5/heating-curve_LNewman.jpg"
"118","HDF5/OpenFIU.png"
"119","HDF5/ordwayPlot.png"
"120","HDF5/OrdwaySterling.png"
"121","HDF5/whyHDF5.jpg"
"122","hyperspectral/bluelight.png"
"123","hyperspectral/BoulderLocation_Location.jpg"
"124","hyperspectral/BoulderLocation.jgw"
"125","hyperspectral/BoulderLocation.jpg"
"126","hyperspectral/Click_points.png"
"127","hyperspectral/DataCube.png"
"128","hyperspectral/EVI.png"
"129","hyperspectral/falseColor.png"
"130","hyperspectral/FWHM2.png"
"131","hyperspectral/GoogleEarth_SJERImage.png"
"132","hyperspectral/hdfview_SERCrefl.png"
"133","hyperspectral/histogram_equalization.png"
"134","hyperspectral/KMeans2D.gif"
"135","hyperspectral/LandsatVsHyper-01.png"
"136","hyperspectral/ndvi_tree.png"
"137","hyperspectral/NDVI.png"
"138","hyperspectral/NIR_G_B.png"
"139","hyperspectral/pixelDetail.png"
"140","hyperspectral/ReflectanceCurves_waterVegSoil.png"
"141","hyperspectral/RGBImage_2.png"
"142","hyperspectral/sat_image_corners.png"
"143","hyperspectral/sat_image_lat_lon.png"
"144","hyperspectral/SJER_Flipped.png"
"145","hyperspectral/SJER_RGB_sm.png"
"146","hyperspectral/SJER_RGB.png"
"147","hyperspectral/SJERImage.png"
"148","hyperspectral/spectralSignatures_MoleroGarzo.png"
"149","hyperspectral/spectrum_Blue-band.jpg"
"150","hyperspectral/spectrum_Green-band.jpg"
"151","hyperspectral/spectrum_Red-band.jpg"
"152","hyperspectral/spectrum_RGB_bands.jpg"
"153","hyperspectral/spectrum_RGBcombined.png"
"154","hyperspectral/spectrumZoomed.png"
"155","hyperspectral/vegetationSpectrum_MarkElowitz.png"
"156","hyperspectral/Waveform.PNG"
"157","lidar/biomass.png"
"158","lidar/carbonCycle1.png"
"159","lidar/chm.png"
"160","lidar/chmPlot.png"
"161","lidar/classification_Colorization.png"
"162","lidar/classification_Colorization2.png"
"163","lidar/dem.png"
"164","lidar/dsm.png"
"165","lidar/flyThrough.png"
"166","lidar/GPSlidar.png"
"167","lidar/gridding.gif"
"168","lidar/HighRes.png"
"169","lidar/intensityBlending.png"
"170","lidar/intensitySlider.png"
"171","lidar/lessDense_moreDense.png"
"172","lidar/Lidar_Intensity.jpg"
"173","lidar/Lidar_points.png"
"174","lidar/lidar_SOAP.png"
"175","lidar/map_planes.png"
"176","lidar/NSEWclassification_BozEtAl2015.jpg"
"177","lidar/OverTime.png"
"178","lidar/Plasio_ColorScheme_KendraSand.png"
"179","lidar/plasio_dataImport.png"
"180","lidar/raster-classification-filter-vs-nonfilter.jpg"
"181","lidar/raster-classification-watershed-segments.png"
"182","lidar/scannedTrees_Points.png"
"183","lidar/stream_road.png"
"184","lidar/treeHeight.png"
"185","lidar/TreeLine_LidarPointCloudTrees_LWasser.png"
"186","lidar/Waveform.PNG"
"187","neon-aop/BRDF_uncertainty_at_740600_3982000.png"
"188","neon-aop/ORNL_BRDF_flightlines.jpg"
"189","neon-aop/ORNL_NumberSamples.png"
"190","neon-aop/tarp_centers.jpg"
"191","neon-aop/tarps_aerial.jpg"
"192","neon-aop/tarps_close.jpg"
"193","neon-aop/tarps_far.jpg"
"194","NEON-carabid-beetles/body-bg.png"
"195","NEON-carabid-beetles/by_bout.png"
"196","NEON-carabid-beetles/by_plot.png"
"197","NEON-carabid-beetles/by_site_abundance_map.png"
"198","NEON-carabid-beetles/by_site_rainfall_map.png"
"199","NEON-carabid-beetles/by_site_richness_map.png"
"200","NEON-carabid-beetles/by_trap.png"
"201","NEON-carabid-beetles/cicindela_punctulata.png"
"202","NEON-carabid-beetles/highlight-bg.jpg"
"203","NEON-carabid-beetles/hr.png"
"204","NEON-carabid-beetles/nlcd_abundance.png"
"205","NEON-carabid-beetles/nlcd_richness.png"
"206","NEON-carabid-beetles/octocat-icon.png"
"207","NEON-carabid-beetles/rainfall.png"
"208","NEON-carabid-beetles/sampling interval.png"
"209","NEON-carabid-beetles/tar-gz-icon.png"
"210","NEON-carabid-beetles/zip-icon.png"
"211","NEON-general/GGplot.png"
"212","NEON-general/NEONtower_STER.jpg"
"213","NEON-general/NEONtower.png"
"214","NEON-general/ScalingTrees_NatGeo.jpg"
"215","NEON-general/solely_NSF.png"
"216","NEON-pheno-temp-timeseries/NEONphenoTransect.png"
"217","neonUtilitiesPython_files/neonUtilitiesPython_40_0.png"
"218","pre-institute-content/pre-institute0-setup/AllSets_FileStructureScreenShot.png"
"219","pre-institute-content/pre-institute0-setup/data_RDSI2018.png"
"220","pre-institute-content/pre-institute0-setup/DI16-Download_AllSets.png"
"221","pre-institute-content/pre-institute0-setup/Download-data-button.png"
"222","pre-institute-content/pre-institute0-setup/Unit3_UpdatedPicturePost.png"
"223","pre-institute-content/pre-institute2-git/Fork_graphic_Cloud_only.png"
"224","pre-institute-content/pre-institute2-git/git_clone.png"
"225","pre-institute-content/pre-institute2-git/git_fork_emphasis.png"
"226","pre-institute-content/pre-institute2-git/git-add-commit.png"
"227","pre-institute-content/pre-institute2-git/git-fork-clone-flow.png"
"228","pre-institute-content/pre-institute2-git/git-fork-pull.png"
"229","pre-institute-content/pre-institute2-git/Git-ForkScreenshot-clone.png"
"230","pre-institute-content/pre-institute2-git/Git-ForkScreenshot-file.png"
"231","pre-institute-content/pre-institute2-git/Git-ForkScreenshot-PR.png"
"232","pre-institute-content/pre-institute2-git/Git-ForkScreenshot-status.png"
"233","pre-institute-content/pre-institute2-git/Git-ForkScreenshot.png"
"234","pre-institute-content/pre-institute2-git/Git-MasterScreenshot-tabs.png"
"235","pre-institute-content/pre-institute2-git/Git-MasterScreenshot.png"
"236","pre-institute-content/pre-institute2-git/git-overview.png"
"237","pre-institute-content/pre-institute2-git/Git-PR-compareForks.png"
"238","pre-institute-content/pre-institute2-git/Git-PRscreenshot-diffs.png"
"239","pre-institute-content/pre-institute2-git/Git-PRscreenshot-titlePR-central.png"
"240","pre-institute-content/pre-institute2-git/Git-PRscreenshot-titlePR-fork.png"
"241","pre-institute-content/pre-institute2-git/git-push-pr.png"
"242","pre-institute-content/pre-institute2-git/git-push-pull-flow.png"
"243","pre-institute-content/pre-institute2-git/git-push.png"
"244","pre-institute-content/pre-institute2-git/GitHub_gitAdd.png"
"245","pre-institute-content/pre-institute2-git/GitHubGuides_Bootcamp-Fork.png"
"246","pre-institute-content/pre-institute2-git/gitWorkflowSketch.jpg"
"247","pre-institute-content/pre-institute2-git/SWC_Git_merge.svg"
"248","pre-institute-content/pre-institute2-git/SWC_Git_play-changes.svg"
"249","pre-institute-content/pre-institute2-git/SWC_Git_versions.svg"
"250","pre-institute-content/pre-institute2-git/SWC_git-staging-area.svg"
"251","pre-institute-content/pre-institute3-rmd/FileStructureScreenShot.png"
"252","pre-institute-content/pre-institute3-rmd/KnitButton-screenshot.png"
"253","pre-institute-content/pre-institute3-rmd/knitr-output.png"
"254","pre-institute-content/pre-institute3-rmd/NewRmd-html-screenshot.png"
"255","pre-institute-content/pre-institute3-rmd/rmd-file.png"
"256","pre-institute-content/pre-institute3-rmd/Rmd-screenshot-html.png"
"257","pre-institute-content/RepSci/Good-better-best_RepSciCur_PengScience.jpg"
"258","pre-institute-content/RepSci/UnderstandingGap_RepSciCur.png"
"259","py-figs/calc-biomass-py/output_23_0.png"
"260","py-figs/calc-biomass-py/output_31_0.png"
"261","py-figs/calc-biomass-py/output_39_0.png"
"262","py-figs/calc-biomass-py/output_53_1.png"
"263","py-figs/calc-ndvi-extract-spec-masks-tiles/output_13_0.png"
"264","py-figs/calc-ndvi-extract-spec-masks-tiles/output_16_0.png"
"265","py-figs/calc-ndvi-extract-spec-masks-tiles/output_24_0.png"
"266","py-figs/calc-ndvi-extract-spec-masks-tiles/output_4_0.png"
"267","py-figs/calc-ndvi-extract-spec-masks/output_10_1.png"
"268","py-figs/calc-ndvi-extract-spec-masks/output_16_0.png"
"269","py-figs/calc-ndvi-extract-spec-masks/output_8_0.png"
"270","py-figs/classification_endmember_extraction_py/output_17_0.png"
"271","py-figs/classification_endmember_extraction_py/output_19_0.png"
"272","py-figs/classification_endmember_extraction_py/output_20_0.png"
"273","py-figs/classification_endmember_extraction_py/output_28_0.png"
"274","py-figs/classification_endmember_extraction_py/output_32_0.png"
"275","py-figs/classification_endmember_extraction_py/output_32_1.png"
"276","py-figs/classification_endmember_extraction_py/output_32_2.png"
"277","py-figs/classification_endmember_extraction_py/output_32_3.png"
"278","py-figs/classification_endmember_extraction_py/output_36_0.png"
"279","py-figs/classification_endmember_extraction_py/output_40_0.png"
"280","py-figs/classification_kmeans_pca_py/output_25_0.png"
"281","py-figs/classification_kmeans_pca_py/output_31_1.png"
"282","py-figs/classification_kmeans_pca_py/output_32_1.png"
"283","py-figs/classification_kmeans_pca_py/output_35_0.png"
"284","py-figs/classification_kmeans_pca_py/output_38_1.png"
"285","py-figs/classification_OLS/output_0_1.png"
"286","py-figs/classification_OLS/output_1_0.png"
"287","py-figs/classification_OLS/output_4_0.png"
"288","py-figs/classification_OLS/output_5_0.png"
"289","py-figs/classification_OLS/output_7_0.png"
"290","py-figs/classification_OLS/output_9_0.png"
"291","py-figs/classification_PCA/output_10_0.png"
"292","py-figs/classification_PCA/output_100_1.png"
"293","py-figs/classification_PCA/output_100_2.png"
"294","py-figs/classification_PCA/output_100_3.png"
"295","py-figs/classification_PCA/output_100_4.png"
"296","py-figs/classification_PCA/output_13_1.png"
"297","py-figs/classification_PCA/output_16_0.png"
"298","py-figs/classification_PCA/output_18_0.png"
"299","py-figs/classification_PCA/output_21_0.png"
"300","py-figs/classification_PCA/output_25_0.png"
"301","py-figs/classification_PCA/output_29_0.png"
"302","py-figs/classification_PCA/output_33_0.png"
"303","py-figs/classification_PCA/output_35_1.png"
"304","py-figs/classification_PCA/output_36_0.png"
"305","py-figs/classification_PCA/output_40_0.png"
"306","py-figs/classification_PCA/output_41_0.png"
"307","py-figs/classification_PCA/output_43_0.png"
"308","py-figs/classification_PCA/output_47_1.png"
"309","py-figs/classification_PCA/output_6_1.png"
"310","py-figs/classification_SVM/output_25_0.png"
"311","py-figs/classification_SVM/output_27_0.png"
"312","py-figs/classification_SVM/output_37_0.png"
"313","py-figs/classification_SVM/output_40_0.png"
"314","py-figs/classification_SVM/output_44_0.png"
"315","py-figs/classification_SVM/output_49_0.png"
"316","py-figs/classify_raster_with_threshold-2018-py/output_24_1.png"
"317","py-figs/classify_raster_with_threshold-2018-py/output_26_0.png"
"318","py-figs/classify_raster_with_threshold-2018-py/output_30_1.png"
"319","py-figs/classify-raster-thresholds/output_19_0.png"
"320","py-figs/classify-raster-thresholds/output_21_1.png"
"321","py-figs/classify-raster-thresholds/output_23_1.png"
"322","py-figs/classify-raster-thresholds/output_25_0.png"
"323","py-figs/classify-raster-thresholds/output_30_2.png"
"324","py-figs/classify-raster-thresholds/output_33_1.png"
"325","py-figs/classify-raster-thresholds/output_34_2.png"
"326","py-figs/create-hillshade-py/output_11_0.png"
"327","py-figs/create-hillshade-py/output_13_1.png"
"328","py-figs/create-hillshade-py/output_15_0.png"
"329","py-figs/create-hillshade-py/output_17_1.png"
"330","py-figs/create-hillshade-py/output_9_0.png"
"331","py-figs/hyperspectral-functions-rgb-images/output_13_0.png"
"332","py-figs/hyperspectral-functions-rgb-images/output_15_0.png"
"333","py-figs/hyperspectral-functions-rgb-images/output_18_1.png"
"334","py-figs/hyperspectral-functions-rgb-images/output_19_1.png"
"335","py-figs/hyperspectral-functions-rgb-images/output_21_1.png"
"336","py-figs/hyperspectral-functions-rgb-images/output_23_1.png"
"337","py-figs/hyperspectral-functions-rgb-images/output_27_1.png"
"338","py-figs/hyperspectral-validation/output_21_0.png"
"339","py-figs/hyperspectral-validation/output_21_1.png"
"340","py-figs/hyperspectral-validation/output_23_0.png"
"341","py-figs/hyperspectral-validation/output_23_1.png"
"342","py-figs/hyperspectral-validation/output_25_0.png"
"343","py-figs/hyperspectral-validation/output_25_1.png"
"344","py-figs/hyperspectral-variation/output_17_0.png"
"345","py-figs/intro-NEON-HDF5-reflectance-tiles/output_45_0.png"
"346","py-figs/intro-NEON-HDF5-reflectance-tiles/output_48_0.png"
"347","py-figs/intro-NEON-HDF5-reflectance-tiles/output_50_0.png"
"348","py-figs/intro-NEON-HDF5-reflectance/output_29_1.png"
"349","py-figs/intro-NEON-HDF5-reflectance/output_31_1.png"
"350","py-figs/intro-NEON-HDF5-reflectance/output_33_0.png"
"351","py-figs/intro-NEON-HDF5-reflectance/output_46_1.png"
"352","py-figs/intro-NEON-HDF5-reflectance/output_48_0.png"
"353","py-figs/intro-NEON-HDF5-reflectance/output_50_0.png"
"354","py-figs/intro-NEON-HDF5-reflectance/output_53_0.png"
"355","py-figs/intro-NEON-HDF5-reflectance/output_55_2.png"
"356","py-figs/lidar-uncertainty/output_19_0.png"
"357","py-figs/lidar-uncertainty/output_21_0.png"
"358","py-figs/lidar-uncertainty/output_23_0.png"
"359","py-figs/lidar-uncertainty/output_25_1.png"
"360","py-figs/lidar-uncertainty/output_25_2.png"
"361","py-figs/lidar-uncertainty/output_27_0.png"
"362","py-figs/lidar-uncertainty/output_29_1.png"
"363","py-figs/lidar-uncertainty/output_31_2.png"
"364","py-figs/lidar-uncertainty/output_33_1.png"
"365","py-figs/mask-rasters-py/output_14_1.png"
"366","py-figs/mask-rasters-py/output_16_0.png"
"367","py-figs/mask-rasters-py/output_18_1.png"
"368","py-figs/mask-rasters-py/output_20_0.png"
"369","py-figs/mask-rasters-py/output_8_1.png"
"370","py-figs/merge_lidar_geotiff_files_py/output_20_0.png"
"371","py-figs/NEON_AOP_Hyperspectral_Functions_Tiles_py/linear_contrast.gif"
"372","py-figs/NEON_AOP_Hyperspectral_Functions_Tiles_py/output_16_0.png"
"373","py-figs/NEON_AOP_Hyperspectral_Functions_Tiles_py/output_25_0.png"
"374","py-figs/NEON_AOP_Hyperspectral_Functions_Tiles_py/output_30_0.png"
"375","py-figs/NEON_AOP_Hyperspectral_Functions_Tiles_py/output_32_1.png"
"376","py-figs/NEON_AOP_Hyperspectral_Functions_Tiles_py/output_50_0.png"
"377","py-figs/NEON_AOP_Hyperspectral_Functions_Tiles_py/rgb_widget.gif"
"378","py-figs/plot-neon-rgb-camera-data/output_19_0.png"
"379","py-figs/plot-neon-rgb-camera-data/output_21_1.png"
"380","py-figs/plot-spectral-sig-py/output_14_1.png"
"381","py-figs/plot-spectral-sig-py/output_18_1.png"
"382","py-figs/plot-spectral-sig-py/output_21_1.png"
"383","py-figs/plot-spectral-sig-py/output_23_1.png"
"384","py-figs/plot-spectral-sig-py/output_27_1.png"
"385","py-figs/plot-spectral-sig-py/output_5_0.png"
"386","py-figs/plot-spectral-sig-py/output_9_1.png"
"387","py-figs/plot-spectral-sig-tiles-py/output_17_0.png"
"388","py-figs/plot-spectral-sig-tiles-py/output_21_1.png"
"389","py-figs/plot-spectral-sig-tiles-py/output_5_0.png"
"390","py-figs/plot-spectral-sig-tiles-py/output_9_0.png"
"391","py-figs/plot-spectral-sig-tiles-py/spectra_widget.gif"
"392","Python/rgb-camera/activate_py35.png"
"393","Python/rgb-camera/no_module_named_gdal.png"
"394","Python/setup/check-python-env.png"
"395","R/array.png"
"396","R/matrix.png"
"397","rfigs/dataviz/DataVis-plotly-R/create-plotly-plot-1.png"
"398","rfigs/dataviz/DataVis-plotly-R/ggplotly-1.png"
"399","rfigs/dataviz/DataVis-plotly-R/ggplotly-2.png"
"400","rfigs/HDF5/Intro-HDF5-R/access-plot-data-1.png"
"401","rfigs/HDF5/R-Timeseries-HDF5/compareGroupData-1.png"
"402","rfigs/HDF5/R-Timeseries-HDF5/fix-time-zone-1.png"
"403","rfigs/HDF5/R-Timeseries-HDF5/plot-temp-data-1.png"
"404","rfigs/HDF5/R-Timeseries-HDF5/plotBoomData-1.png"
"405","rfigs/HDF5/R-Timeseries-HDF5/readPlotData-1.png"
"406","rfigs/HDF5/Subset-HDF5-hyperspectral/plot-example-band-1.png"
"407","rfigs/HDF5/Subset-HDF5-hyperspectral/plot-example-band-subset-1.png"
"408","rfigs/hyperspectral/Plot-Hyperspectral-Spectra/plot-spectra-1.png"
"409","rfigs/hyperspectral/RasterStack-RGB-Images-in-R-Using-HSI/create-NDVI-1.png"
"410","rfigs/hyperspectral/RasterStack-RGB-Images-in-R-Using-HSI/create-NDVI-2.png"
"411","rfigs/hyperspectral/RasterStack-RGB-Images-in-R-Using-HSI/plot-HSI-raster-1.png"
"412","rfigs/hyperspectral/RasterStack-RGB-Images-in-R-Using-HSI/plot-HSI-raster-2.png"
"413","rfigs/hyperspectral/RasterStack-RGB-Images-in-R-Using-HSI/plot-HSI-raster-3.png"
"414","rfigs/hyperspectral/RasterStack-RGB-Images-in-R-Using-HSI/plot-raster-stack-1.png"
"415","rfigs/hyperspectral/RasterStack-RGB-Images-in-R-Using-HSI/plot-RGB-Image-1.png"
"416","rfigs/hyperspectral/Select-Pixels-Compare-Spectral-Signatures/mask-atmospheric-absorbtion-bands-1.png"
"417","rfigs/hyperspectral/Select-Pixels-Compare-Spectral-Signatures/plot-spectral-signatures-1.png"
"418","rfigs/hyperspectral/Select-Pixels-Compare-Spectral-Signatures/read-in-RGB-and-plot-1.png"
"419","rfigs/hyperspectral/Select-Pixels-Compare-Spectral-Signatures/remove-absorbtion-band-reflectances-1.png"
"420","rfigs/hyperspectral/Work-With-Hyperspectral-Data-In-R/define-CRS-1.png"
"421","rfigs/hyperspectral/Work-With-Hyperspectral-Data-In-R/hist-data-1.png"
"422","rfigs/hyperspectral/Work-With-Hyperspectral-Data-In-R/hist-data-2.png"
"423","rfigs/hyperspectral/Work-With-Hyperspectral-Data-In-R/hist-data-3.png"
"424","rfigs/hyperspectral/Work-With-Hyperspectral-Data-In-R/plot-colors-raster-1.png"
"425","rfigs/hyperspectral/Work-With-Hyperspectral-Data-In-R/plot-log-1.png"
"426","rfigs/hyperspectral/Work-With-Hyperspectral-Data-In-R/read-attributes-plot-1.png"
"427","rfigs/hyperspectral/Work-With-Hyperspectral-Data-In-R/read-attributes-plot-2.png"
"428","rfigs/hyperspectral/Work-With-Hyperspectral-Data-In-R/set-values-NA-1.png"
"429","rfigs/hyperspectral/Work-With-Hyperspectral-Data-In-R/transpose-data-1.png"
"430","rfigs/LIDAR/create-canopy-height-model-in-R/calculate-plot-CHM-1.png"
"431","rfigs/LIDAR/create-canopy-height-model-in-R/challenge-code-raster-math-1.png"
"432","rfigs/LIDAR/create-canopy-height-model-in-R/import-dsm-1.png"
"433","rfigs/LIDAR/create-canopy-height-model-in-R/plot-DTM-1.png"
"434","rfigs/LIDAR/extract-raster-data-R/challenge-code-plot-95-1.png"
"435","rfigs/LIDAR/extract-raster-data-R/challenge-code-square-shape-1.png"
"436","rfigs/LIDAR/extract-raster-data-R/explore-data-distribution-1.png"
"437","rfigs/LIDAR/extract-raster-data-R/explore-data-distribution-2.png"
"438","rfigs/LIDAR/extract-raster-data-R/explore-data-distribution-3.png"
"439","rfigs/LIDAR/extract-raster-data-R/explore-data-distribution-4.png"
"440","rfigs/LIDAR/extract-raster-data-R/explore-data-distribution-5.png"
"441","rfigs/LIDAR/extract-raster-data-R/ggplot-data-full-1.png"
"442","rfigs/LIDAR/extract-raster-data-R/plot-CHM-1.png"
"443","rfigs/LIDAR/extract-raster-data-R/plot-data-1.png"
"444","rfigs/LIDAR/extract-raster-data-R/plot-veg-1.png"
"445","rfigs/LIDAR/extract-raster-data-R/plot-w-ggplot-1.png"
"446","rfigs/LIDAR/extract-raster-data-R/read-shapefile-1.png"
"447","rfigs/R/dc-spatial-raster/00-Raster-Structure/classified-elevation-map-1.png"
"448","rfigs/R/dc-spatial-raster/00-Raster-Structure/demonstrate-no-data-1.png"
"449","rfigs/R/dc-spatial-raster/00-Raster-Structure/demonstrate-no-data-black-1.png"
"450","rfigs/R/dc-spatial-raster/00-Raster-Structure/elevation-map-1.png"
"451","rfigs/R/dc-spatial-raster/00-Raster-Structure/open-raster-1.png"
"452","rfigs/R/dc-spatial-raster/00-Raster-Structure/view-raster-histogram-1.png"
"453","rfigs/R/dc-spatial-raster/00-Raster-Structure/view-raster-histogram2-1.png"
"454","rfigs/R/dc-spatial-raster/01-Plot-Raster/add-plot-title-1.png"
"455","rfigs/R/dc-spatial-raster/01-Plot-Raster/challenge-code-plotting-1.png"
"456","rfigs/R/dc-spatial-raster/01-Plot-Raster/challenge-hillshade-layering-1.png"
"457","rfigs/R/dc-spatial-raster/01-Plot-Raster/challenge-hillshade-layering-2.png"
"458","rfigs/R/dc-spatial-raster/01-Plot-Raster/create-histogram-breaks-1.png"
"459","rfigs/R/dc-spatial-raster/01-Plot-Raster/hillshade-1.png"
"460","rfigs/R/dc-spatial-raster/01-Plot-Raster/hist-raster-1.png"
"461","rfigs/R/dc-spatial-raster/01-Plot-Raster/overlay-hillshade-1.png"
"462","rfigs/R/dc-spatial-raster/01-Plot-Raster/plot-with-breaks-1.png"
"463","rfigs/R/dc-spatial-raster/01-Plot-Raster/turn-off-axes-1.png"
"464","rfigs/R/dc-spatial-raster/02-Reproject-Raster-In-R/challenge-code-reprojection-1.png"
"465","rfigs/R/dc-spatial-raster/02-Reproject-Raster-In-R/import-DTM-hillshade-1.png"
"466","rfigs/R/dc-spatial-raster/02-Reproject-Raster-In-R/plot-DTM-1.png"
"467","rfigs/R/dc-spatial-raster/02-Reproject-Raster-In-R/plot-projected-raster-1.png"
"468","rfigs/R/dc-spatial-raster/03-Raster-Calculations-In-R/challenge-code-CHM-HARV-1.png"
"469","rfigs/R/dc-spatial-raster/03-Raster-Calculations-In-R/challenge-code-CHM-HARV-2.png"
"470","rfigs/R/dc-spatial-raster/03-Raster-Calculations-In-R/challenge-code-CHM-HARV-3.png"
"471","rfigs/R/dc-spatial-raster/03-Raster-Calculations-In-R/challenge-code-SJER-CHM-1.png"
"472","rfigs/R/dc-spatial-raster/03-Raster-Calculations-In-R/challenge-code-SJER-CHM-2.png"
"473","rfigs/R/dc-spatial-raster/03-Raster-Calculations-In-R/challenge-code-SJER-CHM-3.png"
"474","rfigs/R/dc-spatial-raster/03-Raster-Calculations-In-R/challenge-code-SJER-CHM-4.png"
"475","rfigs/R/dc-spatial-raster/03-Raster-Calculations-In-R/challenge-code-SJER-CHM-5.png"
"476","rfigs/R/dc-spatial-raster/03-Raster-Calculations-In-R/create-hist-1.png"
"477","rfigs/R/dc-spatial-raster/03-Raster-Calculations-In-R/load-plot-data-1.png"
"478","rfigs/R/dc-spatial-raster/03-Raster-Calculations-In-R/load-plot-data-2.png"
"479","rfigs/R/dc-spatial-raster/03-Raster-Calculations-In-R/raster-math-1.png"
"480","rfigs/R/dc-spatial-raster/03-Raster-Calculations-In-R/raster-overlay-1.png"
"481","rfigs/R/dc-spatial-raster/04-Multi-Band-Rasters-In-R/challenge-code-NoData-1.png"
"482","rfigs/R/dc-spatial-raster/04-Multi-Band-Rasters-In-R/demonstrate-RGB-Image-1.png"
"483","rfigs/R/dc-spatial-raster/04-Multi-Band-Rasters-In-R/image-stretch-1.png"
"484","rfigs/R/dc-spatial-raster/04-Multi-Band-Rasters-In-R/image-stretch-2.png"
"485","rfigs/R/dc-spatial-raster/04-Multi-Band-Rasters-In-R/plot-brick-1.png"
"486","rfigs/R/dc-spatial-raster/04-Multi-Band-Rasters-In-R/plot-raster-layers-1.png"
"487","rfigs/R/dc-spatial-raster/04-Multi-Band-Rasters-In-R/plot-raster-layers-2.png"
"488","rfigs/R/dc-spatial-raster/04-Multi-Band-Rasters-In-R/plot-raster-layers-3.png"
"489","rfigs/R/dc-spatial-raster/04-Multi-Band-Rasters-In-R/plot-rgb-image-1.png"
"490","rfigs/R/dc-spatial-raster/04-Multi-Band-Rasters-In-R/plot-RGB-now-1.png"
"491","rfigs/R/dc-spatial-raster/04-Multi-Band-Rasters-In-R/read-single-band-1.png"
"492","rfigs/R/dc-spatial-raster/04-Multi-Band-Rasters-In-R/read-specific-band-1.png"
"493","rfigs/R/dc-spatial-raster/05-Time-Series-Raster/apply-scale-factor-1.png"
"494","rfigs/R/dc-spatial-raster/05-Time-Series-Raster/plot-time-series-1.png"
"495","rfigs/R/dc-spatial-raster/05-Time-Series-Raster/view-all-rgb-1.png"
"496","rfigs/R/dc-spatial-raster/05-Time-Series-Raster/view-stack-histogram-1.png"
"497","rfigs/R/dc-spatial-raster/05-Time-Series-Raster/view-temp-data-1.png"
"498","rfigs/R/dc-spatial-raster/06-Plotting-Time-Series-Rasters-in-R/adjust-layout-1.png"
"499","rfigs/R/dc-spatial-raster/06-Plotting-Time-Series-Rasters-in-R/challenge-code-levelplot-divergent-1.png"
"500","rfigs/R/dc-spatial-raster/06-Plotting-Time-Series-Rasters-in-R/change-color-ramp-1.png"
"501","rfigs/R/dc-spatial-raster/06-Plotting-Time-Series-Rasters-in-R/create-levelplot-1.png"
"502","rfigs/R/dc-spatial-raster/06-Plotting-Time-Series-Rasters-in-R/levelplot-time-series-1.png"
"503","rfigs/R/dc-spatial-raster/06-Plotting-Time-Series-Rasters-in-R/plot-time-series-1.png"
"504","rfigs/R/dc-spatial-raster/06-Plotting-Time-Series-Rasters-in-R/remove-axis-ticks-1.png"
"505","rfigs/R/dc-spatial-raster/07-Extract-NDVI-From-Rasters-in-R/challenge-code-ggplot-data-1.png"
"506","rfigs/R/dc-spatial-raster/07-Extract-NDVI-From-Rasters-in-R/challenge-code-plot2-1.png"
"507","rfigs/R/dc-spatial-raster/07-Extract-NDVI-From-Rasters-in-R/ggplot-data-1.png"
"508","rfigs/R/dc-spatial-raster/07-Extract-NDVI-From-Rasters-in-R/merge-df-single-plot-1.png"
"509","rfigs/R/dc-spatial-raster/07-Extract-NDVI-From-Rasters-in-R/plot-clean-HARV-1.png"
"510","rfigs/R/dc-spatial-raster/07-Extract-NDVI-From-Rasters-in-R/view-all-rgb-Harv-1.png"
"511","rfigs/R/dc-spatial-raster/07-Extract-NDVI-From-Rasters-in-R/view-all-rgb-SJER-1.png"
"512","rfigs/R/dc-spatial-vector/00-open-a-shapefile/challenge-vector-raster-overlay-1.png"
"513","rfigs/R/dc-spatial-vector/00-open-a-shapefile/plot-multiple-shapefiles-1.png"
"514","rfigs/R/dc-spatial-vector/00-open-a-shapefile/plot-shapefile-1.png"
"515","rfigs/R/dc-spatial-vector/01-shapefile-attributes/add-legend-to-plot-1.png"
"516","rfigs/R/dc-spatial-vector/01-shapefile-attributes/adjust-line-width-1.png"
"517","rfigs/R/dc-spatial-vector/01-shapefile-attributes/bicycle-map-1.png"
"518","rfigs/R/dc-spatial-vector/01-shapefile-attributes/bicycle-map-2-1.png"
"519","rfigs/R/dc-spatial-vector/01-shapefile-attributes/challenge-code-feature-subset-1.png"
"520","rfigs/R/dc-spatial-vector/01-shapefile-attributes/challenge-code-feature-subset-2.png"
"521","rfigs/R/dc-spatial-vector/01-shapefile-attributes/challenge-code-plot-color-1.png"
"522","rfigs/R/dc-spatial-vector/01-shapefile-attributes/challenge-code-plot-color-2.png"
"523","rfigs/R/dc-spatial-vector/01-shapefile-attributes/challenge-code-plot-color-3.png"
"524","rfigs/R/dc-spatial-vector/01-shapefile-attributes/line-width-unique-1.png"
"525","rfigs/R/dc-spatial-vector/01-shapefile-attributes/modify-legend-plot-1.png"
"526","rfigs/R/dc-spatial-vector/01-shapefile-attributes/palette-and-plot-1.png"
"527","rfigs/R/dc-spatial-vector/01-shapefile-attributes/plot-different-colors-1.png"
"528","rfigs/R/dc-spatial-vector/01-shapefile-attributes/plot-subset-shapefile-1.png"
"529","rfigs/R/dc-spatial-vector/01-shapefile-attributes/plot-subset-shapefile-unique-colors-1.png"
"530","rfigs/R/dc-spatial-vector/02-plot-multiple-shapefiles-custom-legend/add-colors-1.png"
"531","rfigs/R/dc-spatial-vector/02-plot-multiple-shapefiles-custom-legend/add-legend-to-plot-1.png"
"532","rfigs/R/dc-spatial-vector/02-plot-multiple-shapefiles-custom-legend/challenge-code-plot-color-1.png"
"533","rfigs/R/dc-spatial-vector/02-plot-multiple-shapefiles-custom-legend/challenge-code-plot-color-2.png"
"534","rfigs/R/dc-spatial-vector/02-plot-multiple-shapefiles-custom-legend/create-custom-labels-1.png"
"535","rfigs/R/dc-spatial-vector/02-plot-multiple-shapefiles-custom-legend/custom-symbols-1.png"
"536","rfigs/R/dc-spatial-vector/02-plot-multiple-shapefiles-custom-legend/plot-many-shapefiles-1.png"
"537","rfigs/R/dc-spatial-vector/02-plot-multiple-shapefiles-custom-legend/plot-unique-lines-1.png"
"538","rfigs/R/dc-spatial-vector/02-plot-multiple-shapefiles-custom-legend/refine-legend-1.png"
"539","rfigs/R/dc-spatial-vector/03-when-vector-data-dont-line-up-CRS/challenge-code-MASS-Map-1.png"
"540","rfigs/R/dc-spatial-vector/03-when-vector-data-dont-line-up-CRS/check-out-coordinates-1.png"
"541","rfigs/R/dc-spatial-vector/03-when-vector-data-dont-line-up-CRS/explore-units-1.png"
"542","rfigs/R/dc-spatial-vector/03-when-vector-data-dont-line-up-CRS/find-coordinates-1.png"
"543","rfigs/R/dc-spatial-vector/03-when-vector-data-dont-line-up-CRS/layer-point-on-states-1.png"
"544","rfigs/R/dc-spatial-vector/03-when-vector-data-dont-line-up-CRS/plot-again-1.png"
"545","rfigs/R/dc-spatial-vector/04-csv-to-shapefile-in-R/challenge-code-phen-plots-1.png"
"546","rfigs/R/dc-spatial-vector/04-csv-to-shapefile-in-R/challenge-code-phen-plots-2.png"
"547","rfigs/R/dc-spatial-vector/04-csv-to-shapefile-in-R/challenge-code-phen-plots-3.png"
"548","rfigs/R/dc-spatial-vector/04-csv-to-shapefile-in-R/compare-extents-1.png"
"549","rfigs/R/dc-spatial-vector/04-csv-to-shapefile-in-R/plot-data-1.png"
"550","rfigs/R/dc-spatial-vector/04-csv-to-shapefile-in-R/plot-data-points-1.png"
"551","rfigs/R/dc-spatial-vector/04-csv-to-shapefile-in-R/set-plot-extent-1.png"
"552","rfigs/R/dc-spatial-vector/05-vector-raster-integration-advanced/challenge-code-crop-raster-points-1.png"
"553","rfigs/R/dc-spatial-vector/05-vector-raster-integration-advanced/challenge-code-extract-plot-tHeight-1.png"
"554","rfigs/R/dc-spatial-vector/05-vector-raster-integration-advanced/Crop-by-vector-extent-1.png"
"555","rfigs/R/dc-spatial-vector/05-vector-raster-integration-advanced/Crop-by-vector-extent-2.png"
"556","rfigs/R/dc-spatial-vector/05-vector-raster-integration-advanced/crop-using-drawn-extent-1.png"
"557","rfigs/R/dc-spatial-vector/05-vector-raster-integration-advanced/raster-extents-cropped-1.png"
"558","rfigs/R/dc-spatial-vector/05-vector-raster-integration-advanced/view-crop-extent-1.png"
"559","rfigs/R/dc-spatial-vector/05-vector-raster-integration-advanced/view-extents-1.png"
"560","rfigs/R/dc-spatial-vector/05-vector-raster-integration-advanced/view-extract-histogram-1.png"
"561","rfigs/R/dc-tabular-time-series/00-Brief-Tabular-Time-Series-In-R/challenge-code-plotting-1.png"
"562","rfigs/R/dc-tabular-time-series/00-Brief-Tabular-Time-Series-In-R/challenge-code-plotting-2.png"
"563","rfigs/R/dc-tabular-time-series/00-Brief-Tabular-Time-Series-In-R/plot-data-1.png"
"564","rfigs/R/dc-tabular-time-series/00-Brief-Tabular-Time-Series-In-R/qplot-data-1.png"
"565","rfigs/R/dc-tabular-time-series/01-Time-Series-Metadata/map-location-1.png"
"566","rfigs/R/dc-tabular-time-series/03-Subset-Data-and-No-Data-Values-In-R/Challenge-code-harMet.daily-1.png"
"567","rfigs/R/dc-tabular-time-series/03-Subset-Data-and-No-Data-Values-In-R/challenge-code-subsetting-1.png"
"568","rfigs/R/dc-tabular-time-series/03-Subset-Data-and-No-Data-Values-In-R/challenge-code-subsetting-2.png"
"569","rfigs/R/dc-tabular-time-series/04-Dplyr-For-Time-Series-In-R/15-min-plots-1.png"
"570","rfigs/R/dc-tabular-time-series/04-Dplyr-For-Time-Series-In-R/challenge-answer-1.png"
"571","rfigs/R/dc-tabular-time-series/04-Dplyr-For-Time-Series-In-R/challenge-code-dplyr-1.png"
"572","rfigs/R/dc-tabular-time-series/04-Dplyr-For-Time-Series-In-R/challenge-code-dplyr-2.png"
"573","rfigs/R/dc-tabular-time-series/04-Dplyr-For-Time-Series-In-R/pipe-demo-1.png"
"574","rfigs/R/dc-tabular-time-series/05-Plotting-Time-Series-ggplot-In-R/basic-ggplot2-1.png"
"575","rfigs/R/dc-tabular-time-series/05-Plotting-Time-Series-ggplot-In-R/basic-ggplot2-colors-1.png"
"576","rfigs/R/dc-tabular-time-series/05-Plotting-Time-Series-ggplot-In-R/basic-ggplot2-labels-1.png"
"577","rfigs/R/dc-tabular-time-series/05-Plotting-Time-Series-ggplot-In-R/basic-ggplot2-labels-named-1.png"
"578","rfigs/R/dc-tabular-time-series/05-Plotting-Time-Series-ggplot-In-R/challenge-code-geom_lines&points-1.png"
"579","rfigs/R/dc-tabular-time-series/05-Plotting-Time-Series-ggplot-In-R/challenge-code-ggplot-precip-1.png"
"580","rfigs/R/dc-tabular-time-series/05-Plotting-Time-Series-ggplot-In-R/challenge-code-grid-arrange-1.png"
"581","rfigs/R/dc-tabular-time-series/05-Plotting-Time-Series-ggplot-In-R/challenge-code-linear-trend-1.png"
"582","rfigs/R/dc-tabular-time-series/05-Plotting-Time-Series-ggplot-In-R/compare-precip-1.png"
"583","rfigs/R/dc-tabular-time-series/05-Plotting-Time-Series-ggplot-In-R/format-x-axis-label-ticks-1.png"
"584","rfigs/R/dc-tabular-time-series/05-Plotting-Time-Series-ggplot-In-R/format-x-axis-label-ticks-2.png"
"585","rfigs/R/dc-tabular-time-series/05-Plotting-Time-Series-ggplot-In-R/format-x-axis-labels-1.png"
"586","rfigs/R/dc-tabular-time-series/05-Plotting-Time-Series-ggplot-In-R/ggplot-color-1.png"
"587","rfigs/R/dc-tabular-time-series/05-Plotting-Time-Series-ggplot-In-R/ggplot-geom_bar-1.png"
"588","rfigs/R/dc-tabular-time-series/05-Plotting-Time-Series-ggplot-In-R/ggplot-geom_bar-subset-1.png"
"589","rfigs/R/dc-tabular-time-series/05-Plotting-Time-Series-ggplot-In-R/ggplot-geom_lines-1.png"
"590","rfigs/R/dc-tabular-time-series/05-Plotting-Time-Series-ggplot-In-R/ggplot-trend-line-1.png"
"591","rfigs/R/dc-tabular-time-series/05-Plotting-Time-Series-ggplot-In-R/increase-font-size-1.png"
"592","rfigs/R/dc-tabular-time-series/05-Plotting-Time-Series-ggplot-In-R/install-new-themes-1.png"
"593","rfigs/R/dc-tabular-time-series/05-Plotting-Time-Series-ggplot-In-R/install-new-themes-2.png"
"594","rfigs/R/dc-tabular-time-series/05-Plotting-Time-Series-ggplot-In-R/nice-font-1.png"
"595","rfigs/R/dc-tabular-time-series/05-Plotting-Time-Series-ggplot-In-R/plot-airtemp-Monthly-1.png"
"596","rfigs/R/dc-tabular-time-series/05-Plotting-Time-Series-ggplot-In-R/qplot-1.png"
"597","rfigs/R/dc-tabular-time-series/05-Plotting-Time-Series-ggplot-In-R/subset-ggplot-time-1.png"
"598","rfigs/R/dc-tabular-time-series/06-Plotting-Facets-And-Group-By-Time-In-R/assigning-level-to-season-1.png"
"599","rfigs/R/dc-tabular-time-series/06-Plotting-Facets-And-Group-By-Time-In-R/assigning-level-to-season-2.png"
"600","rfigs/R/dc-tabular-time-series/06-Plotting-Facets-And-Group-By-Time-In-R/challenge-answer-temp-month-1.png"
"601","rfigs/R/dc-tabular-time-series/06-Plotting-Facets-And-Group-By-Time-In-R/challenge-code-plot-yearmonth-data-1.png"
"602","rfigs/R/dc-tabular-time-series/06-Plotting-Facets-And-Group-By-Time-In-R/extract-month-name-1.png"
"603","rfigs/R/dc-tabular-time-series/06-Plotting-Facets-And-Group-By-Time-In-R/faceted-temp-plots-1.png"
"604","rfigs/R/dc-tabular-time-series/06-Plotting-Facets-And-Group-By-Time-In-R/plot-airt-1.png"
"605","rfigs/R/dc-tabular-time-series/06-Plotting-Facets-And-Group-By-Time-In-R/plot-airt-soilt-1.png"
"606","rfigs/R/dc-tabular-time-series/06-Plotting-Facets-And-Group-By-Time-In-R/plot-by-month-levels-1.png"
"607","rfigs/R/dc-tabular-time-series/06-Plotting-Facets-And-Group-By-Time-In-R/plot-by-season-1.png"
"608","rfigs/R/dc-tabular-time-series/06-Plotting-Facets-And-Group-By-Time-In-R/plot-by-season2-1.png"
"609","rfigs/R/dc-tabular-time-series/06-Plotting-Facets-And-Group-By-Time-In-R/plot-facet-year-1.png"
"610","rfigs/R/dc-tabular-time-series/06-Plotting-Facets-And-Group-By-Time-In-R/plot-facet-year-2-1.png"
"611","rfigs/R/dc-tabular-time-series/06-Plotting-Facets-And-Group-By-Time-In-R/plot-precip-jd-1.png"
"612","rfigs/R/dc-tabular-time-series/06-Plotting-Facets-And-Group-By-Time-In-R/rearrange-facets-1.png"
"613","rfigs/R/dc-tabular-time-series/06-Plotting-Facets-And-Group-By-Time-In-R/rearrange-facets-columns-1.png"
"614","rfigs/R/dc-tabular-time-series/07-Culmination-Work-With-NDVI-and-Met-Data-In-R/challengeplot-same-xaxis-1.png"
"615","rfigs/R/dc-tabular-time-series/07-Culmination-Work-With-NDVI-and-Met-Data-In-R/challengeplot-same-xaxis-2.png"
"616","rfigs/R/dc-tabular-time-series/07-Culmination-Work-With-NDVI-and-Met-Data-In-R/plot-NDVI-1.png"
"617","rfigs/R/dc-tabular-time-series/07-Culmination-Work-With-NDVI-and-Met-Data-In-R/plot-PAR-NDVI-1.png"
"618","rfigs/R/dc-tabular-time-series/07-Culmination-Work-With-NDVI-and-Met-Data-In-R/plot-same-xaxis-1.png"
"619","rfigs/R/download-explore/NEON-download-explore/plot-aop-1.png"
"620","rfigs/R/download-explore/NEON-download-explore/plot-par-1.png"
"621","rfigs/R/download-explore/NEON-download-explore/plot-vst-1.png"
"622","rfigs/R/NEON-API/NEON-API-How-To/brd-calc-NL-1.png"
"623","rfigs/R/NEON-API/NEON-API-How-To/brd-extr-NL-1.png"
"624","rfigs/R/NEON-API/NEON-API-How-To/os-plot-bird-data-1.png"
"625","rfigs/R/NEON-API/NEON-API-How-To/os-plot-soil-data-1.png"
"626","rfigs/R/NEON-pheno-temp-timeseries/01-explore-phenology-data/plot-2016-1.png"
"627","rfigs/R/NEON-pheno-temp-timeseries/01-explore-phenology-data/plot-leaves-percentage-1.png"
"628","rfigs/R/NEON-pheno-temp-timeseries/01-explore-phenology-data/plot-leaves-total-1.png"
"629","rfigs/R/NEON-pheno-temp-timeseries/01-explore-phenology-data/plot-leaves-total-2.png"
"630","rfigs/R/NEON-pheno-temp-timeseries/02-drivers-pheno-change-temp/basic-ggplot2-1.png"
"631","rfigs/R/NEON-pheno-temp-timeseries/02-drivers-pheno-change-temp/plot-temp-1.png"
"632","rfigs/R/NEON-pheno-temp-timeseries/02-drivers-pheno-change-temp/subset-ggplot-time-1.png"
"633","rfigs/R/NEON-pheno-temp-timeseries/03-plot-discrete-continuous-data-pheno-temp/align-datasets-replot-1.png"
"634","rfigs/R/NEON-pheno-temp-timeseries/03-plot-discrete-continuous-data-pheno-temp/format-x-axis-labels-1.png"
"635","rfigs/R/NEON-pheno-temp-timeseries/03-plot-discrete-continuous-data-pheno-temp/format-x-axis-labels-2.png"
"636","rfigs/R/NEON-pheno-temp-timeseries/03-plot-discrete-continuous-data-pheno-temp/format-x-axis-labels-3.png"
"637","rfigs/R/NEON-pheno-temp-timeseries/03-plot-discrete-continuous-data-pheno-temp/stacked-plots-1.png"
"638","rfigs/R/NEON-pheno-temp-timeseries/03-plot-discrete-continuous-data-pheno-temp/stacked-plots-2.png"
"639","rfigs/R/NEON-pheno-temp-timeseries/03-plot-discrete-continuous-data-pheno-temp/stacked-plots-3.png"
"640","rfigs/R/NEON-pheno-temp-timeseries/03-plot-discrete-continuous-data-pheno-temp/two-y-axes-ggplot-1.png"
"641","rfigs/R/NEON-pheno-temp-timeseries/03-plot-discrete-continuous-data-pheno-temp/two-y-axes-ggplot-2.png"
"642","rfigs/R/pheno-cam/detecting-foggy-phenocam-images/brightness-1.png"
"643","rfigs/R/pheno-cam/detecting-foggy-phenocam-images/brightness-adv-1.png"
"644","rfigs/R/pheno-cam/detecting-foggy-phenocam-images/contrast-1.png"
"645","rfigs/R/pheno-cam/detecting-foggy-phenocam-images/contrast-2.png"
"646","rfigs/R/pheno-cam/detecting-foggy-phenocam-images/darkness-1.png"
"647","rfigs/R/pheno-cam/detecting-foggy-phenocam-images/darkness-2.png"
"648","rfigs/R/pheno-cam/detecting-foggy-phenocam-images/histogram-1.png"
"649","rfigs/R/pheno-cam/detecting-foggy-phenocam-images/plot-foggy-clear-1.png"
"650","rfigs/R/pheno-cam/detecting-foggy-phenocam-images/read-image-1.png"
"651","rfigs/R/pheno-cam/getting-started-phenocamapi/midday-download-1.png"
"652","rfigs/R/pheno-cam/getting-started-phenocamapi/plot-gcc90-1.png"
"653","rfigs/R/pheno-cam/getting-started-phenocamapi/plot-MAT-MAP-1.png"
"654","rfigs/R/pheno-cam/getting-started-phenocamapi/plot-monthly-forest-1.png"
"655","rfigs/R/pheno-cam/phenology_modeling_with_phenor/map-model-diff-1.png"
"656","rfigs/R/pheno-cam/phenology_modeling_with_phenor/model-param-1.png"
"657","rfigs/R/pheno-cam/phenology_modeling_with_phenor/plot-data-1.png"
"658","rfigs/R/pheno-cam/phenology_modeling_with_phenor/plot-manual-thresholds-1.png"
"659","rfigs/R/primer-raster-data/Creating-Square-Plot-Boundaries-From-Centroids-in-R/polys-plot-1.png"
"660","rfigs/R/primer-raster-data/Creating-Square-Plot-Boundaries-From-Centroids-in-R/polysB-plot-1.png"
"661","rfigs/R/primer-raster-data/Creating-Square-Plot-Boundaries-From-Centroids-in-R/polysdf-plot-1.png"
"662","rfigs/R/primer-raster-data/Image-Raster-Data-In-R/challenge-code-plot-crop-rgb-1.png"
"663","rfigs/R/primer-raster-data/Image-Raster-Data-In-R/hist-1.png"
"664","rfigs/R/primer-raster-data/Image-Raster-Data-In-R/import-multi-raster-1.png"
"665","rfigs/R/primer-raster-data/Image-Raster-Data-In-R/import-multi-raster-2.png"
"666","rfigs/R/primer-raster-data/Image-Raster-Data-In-R/plot-rgb-1.png"
"667","rfigs/R/primer-raster-data/Image-Raster-Data-In-R/rBrick-size-1.png"
"668","rfigs/R/primer-raster-data/Image-Raster-Data-In-R/stack-crop-1.png"
"669","rfigs/R/primer-raster-data/Image-Raster-Data-In-R/view-stack-1.png"
"670","rfigs/R/primer-raster-data/Introduction-to-Raster-Data-In-R/add-color-map-1.png"
"671","rfigs/R/primer-raster-data/Introduction-to-Raster-Data-In-R/challenge-code-name-1.png"
"672","rfigs/R/primer-raster-data/Introduction-to-Raster-Data-In-R/cropDEMManual-1.png"
"673","rfigs/R/primer-raster-data/Introduction-to-Raster-Data-In-R/flip-legend-1.png"
"674","rfigs/R/primer-raster-data/Introduction-to-Raster-Data-In-R/histogram-1.png"
"675","rfigs/R/primer-raster-data/Introduction-to-Raster-Data-In-R/legend-play-1.png"
"676","rfigs/R/primer-raster-data/Introduction-to-Raster-Data-In-R/plot-raster-1.png"
"677","rfigs/R/primer-raster-data/Introduction-to-Raster-Data-In-R/plot-with-breaks-1.png"
"678","rfigs/R/primer-raster-data/Introduction-to-Raster-Data-In-R/PlotRaster-1.png"
"679","rfigs/R/primer-raster-data/Introduction-to-Raster-Data-In-R/PlotRaster-2.png"
"680","rfigs/R/primer-raster-data/Introduction-to-Raster-Data-In-R/PlotRaster-3.png"
"681","rfigs/R/primer-raster-data/Introduction-to-Raster-Data-In-R/raster-math-1.png"
"682","rfigs/R/primer-raster-data/Raster-Res-Extent-Pixels/create-raster-cont-1.png"
"683","rfigs/R/primer-raster-data/Raster-Res-Extent-Pixels/plot-raster-our-extent-1.png"
"684","rfigs/R/primer-raster-data/Raster-Res-Extent-Pixels/quad-layout-1.png"
"685","rfigs/R/primer-raster-data/Raster-Res-Extent-Pixels/resample-raster-1.png"
"686","rfigs/R/primer-raster-data/Raster-Res-Extent-Pixels/resample-raster-2.png"
"687","rfigs/R/primer-raster-data/Raster-Res-Extent-Pixels/resample-raster-3.png"
"688","rfigs/R/spatial-data/spatialData/mam-grids-1.png"
"689","rfigs/R/spatial-data/spatialData/par-plot-1.png"
"690","rfigs/R/spatial-data/spatialData/plot-captures-1.png"
"691","rfigs/R/spatial-data/spatialData/plot-domains-1.png"
"692","rfigs/R/spatial-data/spatialData/plot-ONAQ019-1.png"
"693","rfigs/R/spatial-data/spatialData/plot-sites-1.png"
"694","rfigs/R/spatial-data/spatialData/sites-color-1.png"
"695","rfigs/teaching-modules/disturb-events-co13/COOP-NEIS-Precipitation-In-R/all-boulder-station-data-1.png"
"696","rfigs/teaching-modules/disturb-events-co13/COOP-NEIS-Precipitation-In-R/all-boulder-station-data-2.png"
"697","rfigs/teaching-modules/disturb-events-co13/COOP-NEIS-Precipitation-In-R/daily-prec-plot-1.png"
"698","rfigs/teaching-modules/disturb-events-co13/COOP-NEIS-Precipitation-In-R/daily-summaries-1.png"
"699","rfigs/teaching-modules/disturb-events-co13/COOP-NEIS-Precipitation-In-R/no-data-values-hist-1.png"
"700","rfigs/teaching-modules/disturb-events-co13/COOP-NEIS-Precipitation-In-R/plot-Aug-Oct-2013-1.png"
"701","rfigs/teaching-modules/disturb-events-co13/COOP-NEIS-Precipitation-In-R/plot-precip-hourly-1.png"
"702","rfigs/teaching-modules/disturb-events-co13/COOP-NEIS-Precipitation-In-R/plotly-precip-data-1.png"
"703","rfigs/teaching-modules/disturb-events-co13/COOP-NEIS-Precipitation-In-R/subset-data-1.png"
"704","rfigs/teaching-modules/disturb-events-co13/nCLIMDIV-Palmer-Drought-In-R/challenge-Div04-1.png"
"705","rfigs/teaching-modules/disturb-events-co13/nCLIMDIV-Palmer-Drought-In-R/challenge-Div04-2.png"
"706","rfigs/teaching-modules/disturb-events-co13/nCLIMDIV-Palmer-Drought-In-R/challenge-PHSI-1.png"
"707","rfigs/teaching-modules/disturb-events-co13/nCLIMDIV-Palmer-Drought-In-R/create-ggplotly-drought-1.png"
"708","rfigs/teaching-modules/disturb-events-co13/nCLIMDIV-Palmer-Drought-In-R/create-plotly-drought-plot-1.png"
"709","rfigs/teaching-modules/disturb-events-co13/nCLIMDIV-Palmer-Drought-In-R/create-quick-palmer-plot-1.png"
"710","rfigs/teaching-modules/disturb-events-co13/nCLIMDIV-Palmer-Drought-In-R/palmer-NDV-plot-only-1.png"
"711","rfigs/teaching-modules/disturb-events-co13/nCLIMDIV-Palmer-Drought-In-R/palmer-no-data-values-1.png"
"712","rfigs/teaching-modules/disturb-events-co13/nCLIMDIV-Palmer-Drought-In-R/palmer-no-data-values-2.png"
"713","rfigs/teaching-modules/disturb-events-co13/nCLIMDIV-Palmer-Drought-In-R/palmer-no-data-values-3.png"
"714","rfigs/teaching-modules/disturb-events-co13/nCLIMDIV-Palmer-Drought-In-R/plotly-decade-1.png"
"715","rfigs/teaching-modules/disturb-events-co13/nCLIMDIV-Palmer-Drought-In-R/summary-stats-1.png"
"716","rfigs/teaching-modules/disturb-events-co13/NEON-Boulder-Flood-LiDAR-in-R/create-difference-model-1.png"
"717","rfigs/teaching-modules/disturb-events-co13/NEON-Boulder-Flood-LiDAR-in-R/hist-DoD-1.png"
"718","rfigs/teaching-modules/disturb-events-co13/NEON-Boulder-Flood-LiDAR-in-R/plot-crop-raster-1.png"
"719","rfigs/teaching-modules/disturb-events-co13/NEON-Boulder-Flood-LiDAR-in-R/plot-crop-raster-2.png"
"720","rfigs/teaching-modules/disturb-events-co13/NEON-Boulder-Flood-LiDAR-in-R/plot-crop-raster-3.png"
"721","rfigs/teaching-modules/disturb-events-co13/NEON-Boulder-Flood-LiDAR-in-R/plot-rasters-1.png"
"722","rfigs/teaching-modules/disturb-events-co13/NEON-Boulder-Flood-LiDAR-in-R/plot-rasters-2.png"
"723","rfigs/teaching-modules/disturb-events-co13/NEON-Boulder-Flood-LiDAR-in-R/pretty-diff-model-1.png"
"724","rfigs/teaching-modules/disturb-events-co13/USGS-Stream-Discharge-In-R/define-time-subset-1.png"
"725","rfigs/teaching-modules/disturb-events-co13/USGS-Stream-Discharge-In-R/no-data-values-1.png"
"726","rfigs/teaching-modules/disturb-events-co13/USGS-Stream-Discharge-In-R/plot-flood-data-1.png"
"727","rfigs/teaching-modules/disturb-events-co13/USGS-Stream-Discharge-In-R/plotly-discharge-data-1.png"
"728","rfigs/teaching-modules/disturb-events-co13/USGS-Stream-Discharge-In-R/plotly-discharge-data-2.png"
"729","rfigs/teaching-modules/disturb-events-co13/USGS-Stream-Discharge-In-R/plotly-discharge-data-3.png"
"730","set-working-dir/data-folder-contents.png"
"731","set-working-dir/download-data-screenshot.png"
"732","set-working-dir/downloads_folder.png"
"733","set-working-dir/Mac-RGUI-setWD.png"
"734","set-working-dir/neon-documents-contents.png"
"735","set-working-dir/r-studio-spatial-files.png"
"736","set-working-dir/Raster_Vector_UnZipped.png"
"737","set-working-dir/Raster_Vector_ZipDownloads.png"
"738","set-working-dir/RStudio-GUI-setWD.png"
"739","set-working-dir/RStudio-working-directory.png"
"740","set-working-dir/spatial-file-structure.png"
"741","set-working-dir/Windows-RGUI-setWD.png"
"742","site-images/SJER_tile_20170328192931.png"
"743","spatialData/BufferCircular.png"
"744","spatialData/BufferSquare.png"
"745","spatialData/cropRaster.png"
"746","spatialData/DEM_5Breaks.png"
"747","spatialData/DEM_DiscreteLegend.png"
"748","spatialData/DEM_FewerBreaks.png"
"749","spatialData/DEMRaster.png"
"750","spatialData/grid.png"
"751","spatialData/gridded.png"
"752","spatialData/gridding_approaches.png"
"753","spatialData/gridMethod_FeaturesTbl.png"
"754","spatialData/idw_interpolation_QGIS.png"
"755","spatialData/NLCD06_conus_lg.gif"
"756","spatialData/raster_masks.jpg"
"757","spatialData/raster1.png"
"758","spatialData/raster2.png"
"759","spatialData/reg_ten_Spline.png"
"760","spatialData/tin.png"
"761","spatialData/Utm-zones-USA.svg"
"762","tm-data-managment-sm-mammal/data-flow.png"
"763","tm-data-managment-sm-mammal/sm-mammal-trapping.png"
"764","veg_structure_and_chm_files/veg_structure_and_chm_11_0.png"
"765","veg_structure_and_chm_files/veg_structure_and_chm_13_0.png"
"766","veg_structure_and_chm_files/veg_structure_and_chm_17_0.png"
"767","veg_structure_and_chm_files/veg_structure_and_chm_21_0.png"
"768","veg_structure_and_chm_files/veg_structure_and_chm_28_0.png"
"769","veg_structure_and_chm_files/veg_structure_and_chm_30_0.png"
"770","veg_structure_and_chm_files/veg_structure_and_chm_37_0.png"
"771","veg_structure_and_chm_files/veg_structure_and_chm_40_0.png"
"772","workshops/ESA2015_Directory.png"
"773","workshops/ESA2015_RStudio_Directory.png"
